{"cameraMode":{"drawMode":0,"name":"Shaded","section":"Shading Mode"},"sceneLighting":true,"audioPlay":false,"sceneViewState":{"showFog":true,"showMaterialUpdate":false,"showSkybox":true,"showFlares":true,"showImageEffects":true,"showParticleSystems":true},"in2DMode":false,"pivot":{"x":190.46725463867188,"y":68.34496307373047,"z":-235.9766845703125},"rotation":{"x":-0.0032985354773700239,"y":0.9709597229957581,"z":-0.013409442268311978,"w":-0.23884432017803193},"size":758.519775390625,"orthographic":false}